{"cameraMode":{"drawMode":0,"name":"Shaded","section":"Shading Mode"},"sceneLighting":true,"audioPlay":false,"sceneViewState":{"showFog":true,"showMaterialUpdate":false,"showSkybox":true,"showFlares":true,"showImageEffects":true,"showParticleSystems":true},"in2DMode":false,"pivot":{"x":-1.0299999713897706,"y":0.7599999904632568,"z":1.6799999475479127},"rotation":{"x":0.7308135628700256,"y":-0.09096670895814896,"z":0.10078858584165573,"w":0.6691974997520447},"size":9.333319664001465,"orthographic":true}