{"cameraMode":{"drawMode":0,"name":"Shaded","section":"Shading Mode"},"sceneLighting":false,"audioPlay":false,"sceneViewState":{"showFog":true,"showMaterialUpdate":false,"showSkybox":false,"showFlares":true,"showImageEffects":true,"showParticleSystems":true},"in2DMode":false,"pivot":{"x":-0.07000011205673218,"y":0.7950788736343384,"z":1.899999976158142},"rotation":{"x":-0.32955047488212588,"y":0.06347206234931946,"z":-0.02275906689465046,"w":-0.9418649077415466},"size":1.5586678981781006,"orthographic":true}