{"cameraMode":{"drawMode":0,"name":"Shaded","section":"Shading Mode"},"sceneLighting":false,"audioPlay":false,"sceneViewState":{"showFog":true,"showMaterialUpdate":false,"showSkybox":false,"showFlares":true,"showImageEffects":true,"showParticleSystems":true},"in2DMode":false,"pivot":{"x":-0.07000011205673218,"y":0.7950788736343384,"z":1.899999976158142},"rotation":{"x":-0.04293375462293625,"y":-0.9557807445526123,"z":0.23591609299182893,"w":-0.17107509076595307},"size":0.8341752290725708,"orthographic":true}