{"cameraMode":{"drawMode":0,"name":"Shaded","section":"Shading Mode"},"sceneLighting":false,"audioPlay":false,"sceneViewState":{"showFog":true,"showMaterialUpdate":false,"showSkybox":false,"showFlares":true,"showImageEffects":true,"showParticleSystems":true},"in2DMode":false,"pivot":{"x":-0.06999969482421875,"y":0.8538806438446045,"z":1.899999976158142},"rotation":{"x":-0.32955047488212588,"y":0.06347206234931946,"z":-0.02275906689465046,"w":-0.9418649077415466},"size":1.7057057619094849,"orthographic":true}